1,ERROR,1970-01-01T10:50:40.000+03:00,Data 1
2,ERROR,1970-01-01T10:50:40.000+03:00,Data 2
3,ERROR,1970-01-01T10:50:40.000+03:00,Data 3
4,ERROR,1970-01-01T10:50:40.000+03:00,Data 4
5,ERROR,1970-01-01T10:50:40.000+03:00,Data 5
6,ERROR,1970-01-01T10:50:40.000+03:00,Data 6
7,ERROR,1970-01-01T10:50:40.000+03:00,Data 7
8,ERROR,1970-01-01T10:50:40.000+03:00,Data 8
9,ERROR,1970-01-01T10:50:40.000+03:00,Data 9
10,ERROR,1970-01-01T10:50:40.000+03:00,Data 10
11,ERROR,1970-01-01T10:50:40.000+03:00,Data 11
12,ERROR,1970-01-01T10:50:40.000+03:00,Data 12
13,ERROR,1970-01-01T10:50:40.000+03:00,Data 13
14,ERROR,1970-01-01T10:50:40.000+03:00,Data 14
15,ERROR,1970-01-01T10:50:40.000+03:00,Data 15
16,ERROR,1970-01-01T10:50:40.000+03:00,Data 16
17,ERROR,1970-01-01T10:50:40.000+03:00,Data 17
18,ERROR,1970-01-01T10:50:40.000+03:00,Data 18
19,ERROR,1970-01-01T10:50:40.000+03:00,Data 19
20,ERROR,1970-01-01T10:50:40.000+03:00,Data 20
21,ERROR,1970-01-01T10:50:40.000+03:00,Data 21
22,ERROR,1970-01-01T10:50:40.000+03:00,Data 22
23,ERROR,1970-01-01T10:50:40.000+03:00,Data 23
24,ERROR,1970-01-01T10:50:40.000+03:00,Data 24
25,ERROR,1970-01-01T10:50:40.000+03:00,Data 25
26,ERROR,1970-01-01T10:50:40.000+03:00,Data 26
27,ERROR,1970-01-01T10:50:40.000+03:00,Data 27
28,ERROR,1970-01-01T10:50:40.000+03:00,Data 28
29,ERROR,1970-01-01T10:50:40.000+03:00,Data 29
30,ERROR,1970-01-01T10:50:40.000+03:00,Data 30
31,ERROR,1970-01-01T10:50:40.000+03:00,Data 31
32,ERROR,1970-01-01T10:50:40.000+03:00,Data 32
33,ERROR,1970-01-01T10:50:40.000+03:00,Data 33
34,ERROR,1970-01-01T10:50:40.000+03:00,Data 34
35,ERROR,1970-01-01T10:50:40.000+03:00,Data 35
36,ERROR,1970-01-01T10:50:40.000+03:00,Data 36
37,ERROR,1970-01-01T10:50:40.000+03:00,Data 37
38,ERROR,1970-01-01T10:50:40.000+03:00,Data 38
39,ERROR,1970-01-01T10:50:40.000+03:00,Data 39
40,ERROR,1970-01-01T10:50:40.000+03:00,Data 40
41,ERROR,1970-01-01T10:50:40.000+03:00,Data 41
42,ERROR,1970-01-01T10:50:40.000+03:00,Data 42
43,ERROR,1970-01-01T10:50:40.000+03:00,Data 43
44,ERROR,1970-01-01T10:50:40.000+03:00,Data 44
45,ERROR,1970-01-01T10:50:40.000+03:00,Data 45
46,ERROR,1970-01-01T10:50:40.000+03:00,Data 46
47,ERROR,1970-01-01T10:50:40.000+03:00,Data 47
48,ERROR,1970-01-01T10:50:40.000+03:00,Data 48
49,ERROR,1970-01-01T10:50:40.000+03:00,Data 49
50,ERROR,1970-01-01T10:50:40.000+03:00,Data 50
51,ERROR,1970-01-01T10:50:40.000+03:00,Data 51
52,ERROR,1970-01-01T10:50:40.000+03:00,Data 52
53,ERROR,1970-01-01T10:50:40.000+03:00,Data 53
54,ERROR,1970-01-01T10:50:40.000+03:00,Data 54
55,ERROR,1970-01-01T10:50:40.000+03:00,Data 55
56,ERROR,1970-01-01T10:50:40.000+03:00,Data 56
57,ERROR,1970-01-01T10:50:40.000+03:00,Data 57
58,ERROR,1970-01-01T10:50:40.000+03:00,Data 58
59,ERROR,1970-01-01T10:50:40.000+03:00,Data 59
60,ERROR,1970-01-01T10:50:40.000+03:00,Data 60
61,ERROR,1970-01-01T10:50:40.000+03:00,Data 61
62,ERROR,1970-01-01T10:50:40.000+03:00,Data 62
63,ERROR,1970-01-01T10:50:40.000+03:00,Data 63
64,ERROR,1970-01-01T10:50:40.000+03:00,Data 64
65,ERROR,1970-01-01T10:50:40.000+03:00,Data 65
66,ERROR,1970-01-01T10:50:40.000+03:00,Data 66
67,ERROR,1970-01-01T10:50:40.000+03:00,Data 67
68,ERROR,1970-01-01T10:50:40.000+03:00,Data 68
69,ERROR,1970-01-01T10:50:40.000+03:00,Data 69
70,ERROR,1970-01-01T10:50:40.000+03:00,Data 70
71,ERROR,1970-01-01T10:50:40.000+03:00,Data 71
72,ERROR,1970-01-01T10:50:40.000+03:00,Data 72
73,ERROR,1970-01-01T10:50:40.000+03:00,Data 73
74,ERROR,1970-01-01T10:50:40.000+03:00,Data 74
75,ERROR,1970-01-01T10:50:40.000+03:00,Data 75
76,ERROR,1970-01-01T10:50:40.000+03:00,Data 76
77,ERROR,1970-01-01T10:50:40.000+03:00,Data 77
78,ERROR,1970-01-01T10:50:40.000+03:00,Data 78
79,ERROR,1970-01-01T10:50:40.000+03:00,Data 79
80,ERROR,1970-01-01T10:50:40.000+03:00,Data 80
81,ERROR,1970-01-01T10:50:40.000+03:00,Data 81
82,ERROR,1970-01-01T10:50:40.000+03:00,Data 82
83,ERROR,1970-01-01T10:50:40.000+03:00,Data 83
84,ERROR,1970-01-01T10:50:40.000+03:00,Data 84
85,ERROR,1970-01-01T10:50:40.000+03:00,Data 85
86,ERROR,1970-01-01T10:50:40.000+03:00,Data 86
87,ERROR,1970-01-01T10:50:40.000+03:00,Data 87
88,ERROR,1970-01-01T10:50:40.000+03:00,Data 88
89,ERROR,1970-01-01T10:50:40.000+03:00,Data 89
90,ERROR,1970-01-01T10:50:40.000+03:00,Data 90
91,ERROR,1970-01-01T10:50:40.000+03:00,Data 91
92,ERROR,1970-01-01T10:50:40.000+03:00,Data 92
93,ERROR,1970-01-01T10:50:40.000+03:00,Data 93
94,ERROR,1970-01-01T10:50:40.000+03:00,Data 94
95,ERROR,1970-01-01T10:50:40.000+03:00,Data 95
96,ERROR,1970-01-01T10:50:40.000+03:00,Data 96
97,ERROR,1970-01-01T10:50:40.000+03:00,Data 97
98,ERROR,1970-01-01T10:50:40.000+03:00,Data 98
99,ERROR,1970-01-01T10:50:40.000+03:00,Data 99
100,ERROR,1970-01-01T10:50:40.000+03:00,Data 100
101,ERROR,1970-01-01T10:50:40.000+03:00,Data 101
102,ERROR,1970-01-01T10:50:40.000+03:00,Data 102
103,ERROR,1970-01-01T10:50:40.000+03:00,Data 103
104,ERROR,1970-01-01T10:50:40.000+03:00,Data 104
105,ERROR,1970-01-01T10:50:40.000+03:00,Data 105
106,ERROR,1970-01-01T10:50:40.000+03:00,Data 106
107,ERROR,1970-01-01T10:50:40.000+03:00,Data 107
108,ERROR,1970-01-01T10:50:40.000+03:00,Data 108
109,ERROR,1970-01-01T10:50:40.000+03:00,Data 109
110,ERROR,1970-01-01T10:50:40.000+03:00,Data 110
111,ERROR,1970-01-01T10:50:40.000+03:00,Data 111
112,ERROR,1970-01-01T10:50:40.000+03:00,Data 112
113,ERROR,1970-01-01T10:50:40.000+03:00,Data 113
114,ERROR,1970-01-01T10:50:40.000+03:00,Data 114
115,ERROR,1970-01-01T10:50:40.000+03:00,Data 115
116,ERROR,1970-01-01T10:50:40.000+03:00,Data 116
117,ERROR,1970-01-01T10:50:40.000+03:00,Data 117
118,ERROR,1970-01-01T10:50:40.000+03:00,Data 118
119,ERROR,1970-01-01T10:50:40.000+03:00,Data 119
120,ERROR,1970-01-01T10:50:40.000+03:00,Data 120
121,ERROR,1970-01-01T10:50:40.000+03:00,Data 121
122,ERROR,1970-01-01T10:50:40.000+03:00,Data 122
123,ERROR,1970-01-01T10:50:40.000+03:00,Data 123
124,ERROR,1970-01-01T10:50:40.000+03:00,Data 124
125,ERROR,1970-01-01T10:50:40.000+03:00,Data 125
126,ERROR,1970-01-01T10:50:40.000+03:00,Data 126
127,ERROR,1970-01-01T10:50:40.000+03:00,Data 127
128,ERROR,1970-01-01T10:50:40.000+03:00,Data 128
129,ERROR,1970-01-01T10:50:40.000+03:00,Data 129
130,ERROR,1970-01-01T10:50:40.000+03:00,Data 130
131,ERROR,1970-01-01T10:50:40.000+03:00,Data 131
132,ERROR,1970-01-01T10:50:40.000+03:00,Data 132
133,ERROR,1970-01-01T10:50:40.000+03:00,Data 133
134,ERROR,1970-01-01T10:50:40.000+03:00,Data 134
135,ERROR,1970-01-01T10:50:40.000+03:00,Data 135
136,ERROR,1970-01-01T10:50:40.000+03:00,Data 136
137,ERROR,1970-01-01T10:50:40.000+03:00,Data 137
138,ERROR,1970-01-01T10:50:40.000+03:00,Data 138
139,ERROR,1970-01-01T10:50:40.000+03:00,Data 139
140,ERROR,1970-01-01T10:50:40.000+03:00,Data 140
141,ERROR,1970-01-01T10:50:40.000+03:00,Data 141
142,ERROR,1970-01-01T10:50:40.000+03:00,Data 142
143,ERROR,1970-01-01T10:50:40.000+03:00,Data 143
144,ERROR,1970-01-01T10:50:40.000+03:00,Data 144
145,ERROR,1970-01-01T10:50:40.000+03:00,Data 145
146,ERROR,1970-01-01T10:50:40.000+03:00,Data 146
147,ERROR,1970-01-01T10:50:40.000+03:00,Data 147
148,ERROR,1970-01-01T10:50:40.000+03:00,Data 148
149,ERROR,1970-01-01T10:50:40.000+03:00,Data 149
150,ERROR,1970-01-01T10:50:40.000+03:00,Data 150
151,ERROR,1970-01-01T10:50:40.000+03:00,Data 151
152,ERROR,1970-01-01T10:50:40.000+03:00,Data 152
153,ERROR,1970-01-01T10:50:40.000+03:00,Data 153
154,ERROR,1970-01-01T10:50:40.000+03:00,Data 154
155,ERROR,1970-01-01T10:50:40.000+03:00,Data 155
156,ERROR,1970-01-01T10:50:40.000+03:00,Data 156
157,ERROR,1970-01-01T10:50:40.000+03:00,Data 157
158,ERROR,1970-01-01T10:50:40.000+03:00,Data 158
159,ERROR,1970-01-01T10:50:40.000+03:00,Data 159
160,ERROR,1970-01-01T10:50:40.000+03:00,Data 160
161,ERROR,1970-01-01T10:50:40.000+03:00,Data 161
162,ERROR,1970-01-01T10:50:40.000+03:00,Data 162
163,ERROR,1970-01-01T10:50:40.000+03:00,Data 163
164,ERROR,1970-01-01T10:50:40.000+03:00,Data 164
165,ERROR,1970-01-01T10:50:40.000+03:00,Data 165
166,ERROR,1970-01-01T10:50:40.000+03:00,Data 166
167,ERROR,1970-01-01T10:50:40.000+03:00,Data 167
168,ERROR,1970-01-01T10:50:40.000+03:00,Data 168
169,ERROR,1970-01-01T10:50:40.000+03:00,Data 169
170,ERROR,1970-01-01T10:50:40.000+03:00,Data 170
171,ERROR,1970-01-01T10:50:40.000+03:00,Data 171
172,ERROR,1970-01-01T10:50:40.000+03:00,Data 172
173,ERROR,1970-01-01T10:50:40.000+03:00,Data 173
174,ERROR,1970-01-01T10:50:40.000+03:00,Data 174
175,ERROR,1970-01-01T10:50:40.000+03:00,Data 175
176,ERROR,1970-01-01T10:50:40.000+03:00,Data 176
177,ERROR,1970-01-01T10:50:40.000+03:00,Data 177
178,ERROR,1970-01-01T10:50:40.000+03:00,Data 178
179,ERROR,1970-01-01T10:50:40.000+03:00,Data 179
180,ERROR,1970-01-01T10:50:40.000+03:00,Data 180
181,ERROR,1970-01-01T10:50:40.000+03:00,Data 181
182,ERROR,1970-01-01T10:50:40.000+03:00,Data 182
183,ERROR,1970-01-01T10:50:40.000+03:00,Data 183
184,ERROR,1970-01-01T10:50:40.000+03:00,Data 184
185,ERROR,1970-01-01T10:50:40.000+03:00,Data 185
186,ERROR,1970-01-01T10:50:40.000+03:00,Data 186
187,ERROR,1970-01-01T10:50:40.000+03:00,Data 187
188,ERROR,1970-01-01T10:50:40.000+03:00,Data 188
189,ERROR,1970-01-01T10:50:40.000+03:00,Data 189
190,ERROR,1970-01-01T10:50:40.000+03:00,Data 190
191,ERROR,1970-01-01T10:50:40.000+03:00,Data 191
192,ERROR,1970-01-01T10:50:40.000+03:00,Data 192
193,ERROR,1970-01-01T10:50:40.000+03:00,Data 193
194,ERROR,1970-01-01T10:50:40.000+03:00,Data 194
195,ERROR,1970-01-01T10:50:40.000+03:00,Data 195
196,ERROR,1970-01-01T10:50:40.000+03:00,Data 196
197,ERROR,1970-01-01T10:50:40.000+03:00,Data 197
198,ERROR,1970-01-01T10:50:40.000+03:00,Data 198
199,ERROR,1970-01-01T10:50:40.000+03:00,Data 199
200,ERROR,1970-01-01T10:50:40.000+03:00,Data 200
201,ERROR,1970-01-01T10:50:40.000+03:00,Data 201
202,ERROR,1970-01-01T10:50:40.000+03:00,Data 202
203,ERROR,1970-01-01T10:50:40.000+03:00,Data 203
204,ERROR,1970-01-01T10:50:40.000+03:00,Data 204
205,ERROR,1970-01-01T10:50:40.000+03:00,Data 205
206,ERROR,1970-01-01T10:50:40.000+03:00,Data 206
207,ERROR,1970-01-01T10:50:40.000+03:00,Data 207
208,ERROR,1970-01-01T10:50:40.000+03:00,Data 208
209,ERROR,1970-01-01T10:50:40.000+03:00,Data 209
210,ERROR,1970-01-01T10:50:40.000+03:00,Data 210
211,ERROR,1970-01-01T10:50:40.000+03:00,Data 211
212,ERROR,1970-01-01T10:50:40.000+03:00,Data 212
213,ERROR,1970-01-01T10:50:40.000+03:00,Data 213
214,ERROR,1970-01-01T10:50:40.000+03:00,Data 214
215,ERROR,1970-01-01T10:50:40.000+03:00,Data 215
216,ERROR,1970-01-01T10:50:40.000+03:00,Data 216
217,ERROR,1970-01-01T10:50:40.000+03:00,Data 217
218,ERROR,1970-01-01T10:50:40.000+03:00,Data 218
219,ERROR,1970-01-01T10:50:40.000+03:00,Data 219
220,ERROR,1970-01-01T10:50:40.000+03:00,Data 220
221,ERROR,1970-01-01T10:50:40.000+03:00,Data 221
222,ERROR,1970-01-01T10:50:40.000+03:00,Data 222
223,ERROR,1970-01-01T10:50:40.000+03:00,Data 223
224,ERROR,1970-01-01T10:50:40.000+03:00,Data 224
225,ERROR,1970-01-01T10:50:40.000+03:00,Data 225
226,ERROR,1970-01-01T10:50:40.000+03:00,Data 226
227,ERROR,1970-01-01T10:50:40.000+03:00,Data 227
228,ERROR,1970-01-01T10:50:40.000+03:00,Data 228
229,ERROR,1970-01-01T10:50:40.000+03:00,Data 229
230,ERROR,1970-01-01T10:50:40.000+03:00,Data 230
231,ERROR,1970-01-01T10:50:40.000+03:00,Data 231
232,ERROR,1970-01-01T10:50:40.000+03:00,Data 232
233,ERROR,1970-01-01T10:50:40.000+03:00,Data 233
234,ERROR,1970-01-01T10:50:40.000+03:00,Data 234
235,ERROR,1970-01-01T10:50:40.000+03:00,Data 235
236,ERROR,1970-01-01T10:50:40.000+03:00,Data 236
237,ERROR,1970-01-01T10:50:40.000+03:00,Data 237
238,ERROR,1970-01-01T10:50:40.000+03:00,Data 238
239,ERROR,1970-01-01T10:50:40.000+03:00,Data 239
240,ERROR,1970-01-01T10:50:40.000+03:00,Data 240
241,ERROR,1970-01-01T10:50:40.000+03:00,Data 241
242,ERROR,1970-01-01T10:50:40.000+03:00,Data 242
243,ERROR,1970-01-01T10:50:40.000+03:00,Data 243
244,ERROR,1970-01-01T10:50:40.000+03:00,Data 244
245,ERROR,1970-01-01T10:50:40.000+03:00,Data 245
246,ERROR,1970-01-01T10:50:40.000+03:00,Data 246
247,ERROR,1970-01-01T10:50:40.000+03:00,Data 247
248,ERROR,1970-01-01T10:50:40.000+03:00,Data 248
249,ERROR,1970-01-01T10:50:40.000+03:00,Data 249
250,ERROR,1970-01-01T10:50:40.000+03:00,Data 250
251,ERROR,1970-01-01T10:50:40.000+03:00,Data 251
252,ERROR,1970-01-01T10:50:40.000+03:00,Data 252
253,ERROR,1970-01-01T10:50:40.000+03:00,Data 253
254,ERROR,1970-01-01T10:50:40.000+03:00,Data 254
255,ERROR,1970-01-01T10:50:40.000+03:00,Data 255
256,ERROR,1970-01-01T10:50:40.000+03:00,Data 256
257,ERROR,1970-01-01T10:50:40.000+03:00,Data 257
258,ERROR,1970-01-01T10:50:40.000+03:00,Data 258
259,ERROR,1970-01-01T10:50:40.000+03:00,Data 259
260,ERROR,1970-01-01T10:50:40.000+03:00,Data 260
261,ERROR,1970-01-01T10:50:40.000+03:00,Data 261
262,ERROR,1970-01-01T10:50:40.000+03:00,Data 262
263,ERROR,1970-01-01T10:50:40.000+03:00,Data 263
264,ERROR,1970-01-01T10:50:40.000+03:00,Data 264
265,ERROR,1970-01-01T10:50:40.000+03:00,Data 265
266,ERROR,1970-01-01T10:50:40.000+03:00,Data 266
267,ERROR,1970-01-01T10:50:40.000+03:00,Data 267
268,ERROR,1970-01-01T10:50:40.000+03:00,Data 268
269,ERROR,1970-01-01T10:50:40.000+03:00,Data 269
270,ERROR,1970-01-01T10:50:40.000+03:00,Data 270
271,ERROR,1970-01-01T10:50:40.000+03:00,Data 271
272,ERROR,1970-01-01T10:50:40.000+03:00,Data 272
273,ERROR,1970-01-01T10:50:40.000+03:00,Data 273
274,ERROR,1970-01-01T10:50:40.000+03:00,Data 274
275,ERROR,1970-01-01T10:50:40.000+03:00,Data 275
276,ERROR,1970-01-01T10:50:40.000+03:00,Data 276
277,ERROR,1970-01-01T10:50:40.000+03:00,Data 277
278,ERROR,1970-01-01T10:50:40.000+03:00,Data 278
279,ERROR,1970-01-01T10:50:40.000+03:00,Data 279
280,ERROR,1970-01-01T10:50:40.000+03:00,Data 280
281,ERROR,1970-01-01T10:50:40.000+03:00,Data 281
282,ERROR,1970-01-01T10:50:40.000+03:00,Data 282
283,ERROR,1970-01-01T10:50:40.000+03:00,Data 283
284,ERROR,1970-01-01T10:50:40.000+03:00,Data 284
285,ERROR,1970-01-01T10:50:40.000+03:00,Data 285
286,ERROR,1970-01-01T10:50:40.000+03:00,Data 286
287,ERROR,1970-01-01T10:50:40.000+03:00,Data 287
288,ERROR,1970-01-01T10:50:40.000+03:00,Data 288
289,ERROR,1970-01-01T10:50:40.000+03:00,Data 289
290,ERROR,1970-01-01T10:50:40.000+03:00,Data 290
291,ERROR,1970-01-01T10:50:40.000+03:00,Data 291
292,ERROR,1970-01-01T10:50:40.000+03:00,Data 292
293,ERROR,1970-01-01T10:50:40.000+03:00,Data 293
294,ERROR,1970-01-01T10:50:40.000+03:00,Data 294
295,ERROR,1970-01-01T10:50:40.000+03:00,Data 295
296,ERROR,1970-01-01T10:50:40.000+03:00,Data 296
297,ERROR,1970-01-01T10:50:40.000+03:00,Data 297
298,ERROR,1970-01-01T10:50:40.000+03:00,Data 298
299,ERROR,1970-01-01T10:50:40.000+03:00,Data 299
300,ERROR,1970-01-01T10:50:40.000+03:00,Data 300
301,ERROR,1970-01-01T10:50:40.000+03:00,Data 301
302,ERROR,1970-01-01T10:50:40.000+03:00,Data 302
303,ERROR,1970-01-01T10:50:40.000+03:00,Data 303
304,ERROR,1970-01-01T10:50:40.000+03:00,Data 304
305,ERROR,1970-01-01T10:50:40.000+03:00,Data 305
306,ERROR,1970-01-01T10:50:40.000+03:00,Data 306
307,ERROR,1970-01-01T10:50:40.000+03:00,Data 307
308,ERROR,1970-01-01T10:50:40.000+03:00,Data 308
309,ERROR,1970-01-01T10:50:40.000+03:00,Data 309
310,ERROR,1970-01-01T10:50:40.000+03:00,Data 310
311,ERROR,1970-01-01T10:50:40.000+03:00,Data 311
312,ERROR,1970-01-01T10:50:40.000+03:00,Data 312
313,ERROR,1970-01-01T10:50:40.000+03:00,Data 313
314,ERROR,1970-01-01T10:50:40.000+03:00,Data 314
315,ERROR,1970-01-01T10:50:40.000+03:00,Data 315
316,ERROR,1970-01-01T10:50:40.000+03:00,Data 316
317,ERROR,1970-01-01T10:50:40.000+03:00,Data 317
318,ERROR,1970-01-01T10:50:40.000+03:00,Data 318
319,ERROR,1970-01-01T10:50:40.000+03:00,Data 319
320,ERROR,1970-01-01T10:50:40.000+03:00,Data 320
321,ERROR,1970-01-01T10:50:40.000+03:00,Data 321
322,ERROR,1970-01-01T10:50:40.000+03:00,Data 322
323,ERROR,1970-01-01T10:50:40.000+03:00,Data 323
324,ERROR,1970-01-01T10:50:40.000+03:00,Data 324
325,ERROR,1970-01-01T10:50:40.000+03:00,Data 325
326,ERROR,1970-01-01T10:50:40.000+03:00,Data 326
327,ERROR,1970-01-01T10:50:40.000+03:00,Data 327
328,ERROR,1970-01-01T10:50:40.000+03:00,Data 328
329,ERROR,1970-01-01T10:50:40.000+03:00,Data 329
330,ERROR,1970-01-01T10:50:40.000+03:00,Data 330
331,ERROR,1970-01-01T10:50:40.000+03:00,Data 331
332,ERROR,1970-01-01T10:50:40.000+03:00,Data 332
333,ERROR,1970-01-01T10:50:40.000+03:00,Data 333
334,ERROR,1970-01-01T10:50:40.000+03:00,Data 334
335,ERROR,1970-01-01T10:50:40.000+03:00,Data 335
336,ERROR,1970-01-01T10:50:40.000+03:00,Data 336
337,ERROR,1970-01-01T10:50:40.000+03:00,Data 337
338,ERROR,1970-01-01T10:50:40.000+03:00,Data 338
339,ERROR,1970-01-01T10:50:40.000+03:00,Data 339
340,ERROR,1970-01-01T10:50:40.000+03:00,Data 340
341,ERROR,1970-01-01T10:50:40.000+03:00,Data 341
342,ERROR,1970-01-01T10:50:40.000+03:00,Data 342
343,ERROR,1970-01-01T10:50:40.000+03:00,Data 343
344,ERROR,1970-01-01T10:50:40.000+03:00,Data 344
345,ERROR,1970-01-01T10:50:40.000+03:00,Data 345
346,ERROR,1970-01-01T10:50:40.000+03:00,Data 346
347,ERROR,1970-01-01T10:50:40.000+03:00,Data 347
348,ERROR,1970-01-01T10:50:40.000+03:00,Data 348
349,ERROR,1970-01-01T10:50:40.000+03:00,Data 349
350,ERROR,1970-01-01T10:50:40.000+03:00,Data 350
351,ERROR,1970-01-01T10:50:40.000+03:00,Data 351
352,ERROR,1970-01-01T10:50:40.000+03:00,Data 352
353,ERROR,1970-01-01T10:50:40.000+03:00,Data 353
354,ERROR,1970-01-01T10:50:40.000+03:00,Data 354
355,ERROR,1970-01-01T10:50:40.000+03:00,Data 355
356,ERROR,1970-01-01T10:50:40.000+03:00,Data 356
357,ERROR,1970-01-01T10:50:40.000+03:00,Data 357
358,ERROR,1970-01-01T10:50:40.000+03:00,Data 358
359,ERROR,1970-01-01T10:50:40.000+03:00,Data 359
360,ERROR,1970-01-01T10:50:40.000+03:00,Data 360
361,ERROR,1970-01-01T10:50:40.000+03:00,Data 361
362,ERROR,1970-01-01T10:50:40.000+03:00,Data 362
363,ERROR,1970-01-01T10:50:40.000+03:00,Data 363
364,ERROR,1970-01-01T10:50:40.000+03:00,Data 364
365,ERROR,1970-01-01T10:50:40.000+03:00,Data 365
366,ERROR,1970-01-01T10:50:40.000+03:00,Data 366
367,ERROR,1970-01-01T10:50:40.000+03:00,Data 367
368,ERROR,1970-01-01T10:50:40.000+03:00,Data 368
369,ERROR,1970-01-01T10:50:40.000+03:00,Data 369
370,ERROR,1970-01-01T10:50:40.000+03:00,Data 370
371,ERROR,1970-01-01T10:50:40.000+03:00,Data 371
372,ERROR,1970-01-01T10:50:40.000+03:00,Data 372
373,ERROR,1970-01-01T10:50:40.000+03:00,Data 373
374,ERROR,1970-01-01T10:50:40.000+03:00,Data 374
375,ERROR,1970-01-01T10:50:40.000+03:00,Data 375
376,ERROR,1970-01-01T10:50:40.000+03:00,Data 376
377,ERROR,1970-01-01T10:50:40.000+03:00,Data 377
378,ERROR,1970-01-01T10:50:40.000+03:00,Data 378
379,ERROR,1970-01-01T10:50:40.000+03:00,Data 379
380,ERROR,1970-01-01T10:50:40.000+03:00,Data 380
381,ERROR,1970-01-01T10:50:40.000+03:00,Data 381
382,ERROR,1970-01-01T10:50:40.000+03:00,Data 382
383,ERROR,1970-01-01T10:50:40.000+03:00,Data 383
384,ERROR,1970-01-01T10:50:40.000+03:00,Data 384
385,ERROR,1970-01-01T10:50:40.000+03:00,Data 385
386,ERROR,1970-01-01T10:50:40.000+03:00,Data 386
387,ERROR,1970-01-01T10:50:40.000+03:00,Data 387
388,ERROR,1970-01-01T10:50:40.000+03:00,Data 388
389,ERROR,1970-01-01T10:50:40.000+03:00,Data 389
390,ERROR,1970-01-01T10:50:40.000+03:00,Data 390
391,ERROR,1970-01-01T10:50:40.000+03:00,Data 391
392,ERROR,1970-01-01T10:50:40.000+03:00,Data 392
393,ERROR,1970-01-01T10:50:40.000+03:00,Data 393
394,ERROR,1970-01-01T10:50:40.000+03:00,Data 394
395,ERROR,1970-01-01T10:50:40.000+03:00,Data 395
396,ERROR,1970-01-01T10:50:40.000+03:00,Data 396
397,ERROR,1970-01-01T10:50:40.000+03:00,Data 397
398,ERROR,1970-01-01T10:50:40.000+03:00,Data 398
399,ERROR,1970-01-01T10:50:40.000+03:00,Data 399
400,ERROR,1970-01-01T10:50:40.000+03:00,Data 400
401,ERROR,1970-01-01T10:50:40.000+03:00,Data 401
402,ERROR,1970-01-01T10:50:40.000+03:00,Data 402
403,ERROR,1970-01-01T10:50:40.000+03:00,Data 403
404,ERROR,1970-01-01T10:50:40.000+03:00,Data 404
405,ERROR,1970-01-01T10:50:40.000+03:00,Data 405
406,ERROR,1970-01-01T10:50:40.000+03:00,Data 406
407,ERROR,1970-01-01T10:50:40.000+03:00,Data 407
408,ERROR,1970-01-01T10:50:40.000+03:00,Data 408
409,ERROR,1970-01-01T10:50:40.000+03:00,Data 409
410,ERROR,1970-01-01T10:50:40.000+03:00,Data 410
411,ERROR,1970-01-01T10:50:40.000+03:00,Data 411
412,ERROR,1970-01-01T10:50:40.000+03:00,Data 412
413,ERROR,1970-01-01T10:50:40.000+03:00,Data 413
414,ERROR,1970-01-01T10:50:40.000+03:00,Data 414
415,ERROR,1970-01-01T10:50:40.000+03:00,Data 415
416,ERROR,1970-01-01T10:50:40.000+03:00,Data 416
417,ERROR,1970-01-01T10:50:40.000+03:00,Data 417
418,ERROR,1970-01-01T10:50:40.000+03:00,Data 418
419,ERROR,1970-01-01T10:50:40.000+03:00,Data 419
420,ERROR,1970-01-01T10:50:40.000+03:00,Data 420
421,ERROR,1970-01-01T10:50:40.000+03:00,Data 421
422,ERROR,1970-01-01T10:50:40.000+03:00,Data 422
423,ERROR,1970-01-01T10:50:40.000+03:00,Data 423
424,ERROR,1970-01-01T10:50:40.000+03:00,Data 424
425,ERROR,1970-01-01T10:50:40.000+03:00,Data 425
426,ERROR,1970-01-01T10:50:40.000+03:00,Data 426
427,ERROR,1970-01-01T10:50:40.000+03:00,Data 427
428,ERROR,1970-01-01T10:50:40.000+03:00,Data 428
429,ERROR,1970-01-01T10:50:40.000+03:00,Data 429
430,ERROR,1970-01-01T10:50:40.000+03:00,Data 430
431,ERROR,1970-01-01T10:50:40.000+03:00,Data 431
432,ERROR,1970-01-01T10:50:40.000+03:00,Data 432
433,ERROR,1970-01-01T10:50:40.000+03:00,Data 433
434,ERROR,1970-01-01T10:50:40.000+03:00,Data 434
435,ERROR,1970-01-01T10:50:40.000+03:00,Data 435
436,ERROR,1970-01-01T10:50:40.000+03:00,Data 436
437,ERROR,1970-01-01T10:50:40.000+03:00,Data 437
438,ERROR,1970-01-01T10:50:40.000+03:00,Data 438
439,ERROR,1970-01-01T10:50:40.000+03:00,Data 439
440,ERROR,1970-01-01T10:50:40.000+03:00,Data 440
441,ERROR,1970-01-01T10:50:40.000+03:00,Data 441
442,ERROR,1970-01-01T10:50:40.000+03:00,Data 442
443,ERROR,1970-01-01T10:50:40.000+03:00,Data 443
444,ERROR,1970-01-01T10:50:40.000+03:00,Data 444
445,ERROR,1970-01-01T10:50:40.000+03:00,Data 445
446,ERROR,1970-01-01T10:50:40.000+03:00,Data 446
447,ERROR,1970-01-01T10:50:40.000+03:00,Data 447
448,ERROR,1970-01-01T10:50:40.000+03:00,Data 448
449,ERROR,1970-01-01T10:50:40.000+03:00,Data 449
450,ERROR,1970-01-01T10:50:40.000+03:00,Data 450
451,ERROR,1970-01-01T10:50:40.000+03:00,Data 451
452,ERROR,1970-01-01T10:50:40.000+03:00,Data 452
453,ERROR,1970-01-01T10:50:40.000+03:00,Data 453
454,ERROR,1970-01-01T10:50:40.000+03:00,Data 454
455,ERROR,1970-01-01T10:50:40.000+03:00,Data 455
456,ERROR,1970-01-01T10:50:40.000+03:00,Data 456
457,ERROR,1970-01-01T10:50:40.000+03:00,Data 457
458,ERROR,1970-01-01T10:50:40.000+03:00,Data 458
459,ERROR,1970-01-01T10:50:40.000+03:00,Data 459
460,ERROR,1970-01-01T10:50:40.000+03:00,Data 460
461,ERROR,1970-01-01T10:50:40.000+03:00,Data 461
462,ERROR,1970-01-01T10:50:40.000+03:00,Data 462
463,ERROR,1970-01-01T10:50:40.000+03:00,Data 463
464,ERROR,1970-01-01T10:50:40.000+03:00,Data 464
465,ERROR,1970-01-01T10:50:40.000+03:00,Data 465
466,ERROR,1970-01-01T10:50:40.000+03:00,Data 466
467,ERROR,1970-01-01T10:50:40.000+03:00,Data 467
468,ERROR,1970-01-01T10:50:40.000+03:00,Data 468
469,ERROR,1970-01-01T10:50:40.000+03:00,Data 469
470,ERROR,1970-01-01T10:50:40.000+03:00,Data 470
471,ERROR,1970-01-01T10:50:40.000+03:00,Data 471
472,ERROR,1970-01-01T10:50:40.000+03:00,Data 472
473,ERROR,1970-01-01T10:50:40.000+03:00,Data 473
474,ERROR,1970-01-01T10:50:40.000+03:00,Data 474
475,ERROR,1970-01-01T10:50:40.000+03:00,Data 475
476,ERROR,1970-01-01T10:50:40.000+03:00,Data 476
477,ERROR,1970-01-01T10:50:40.000+03:00,Data 477
478,ERROR,1970-01-01T10:50:40.000+03:00,Data 478
479,ERROR,1970-01-01T10:50:40.000+03:00,Data 479
480,ERROR,1970-01-01T10:50:40.000+03:00,Data 480
481,ERROR,1970-01-01T10:50:40.000+03:00,Data 481
482,ERROR,1970-01-01T10:50:40.000+03:00,Data 482
483,ERROR,1970-01-01T10:50:40.000+03:00,Data 483
484,ERROR,1970-01-01T10:50:40.000+03:00,Data 484
485,ERROR,1970-01-01T10:50:40.000+03:00,Data 485
486,ERROR,1970-01-01T10:50:40.000+03:00,Data 486
487,ERROR,1970-01-01T10:50:40.000+03:00,Data 487
488,ERROR,1970-01-01T10:50:40.000+03:00,Data 488
489,ERROR,1970-01-01T10:50:40.000+03:00,Data 489
490,ERROR,1970-01-01T10:50:40.000+03:00,Data 490
491,ERROR,1970-01-01T10:50:40.000+03:00,Data 491
492,ERROR,1970-01-01T10:50:40.000+03:00,Data 492
493,ERROR,1970-01-01T10:50:40.000+03:00,Data 493
494,ERROR,1970-01-01T10:50:40.000+03:00,Data 494
495,ERROR,1970-01-01T10:50:40.000+03:00,Data 495
496,ERROR,1970-01-01T10:50:40.000+03:00,Data 496
497,ERROR,1970-01-01T10:50:40.000+03:00,Data 497
498,ERROR,1970-01-01T10:50:40.000+03:00,Data 498
499,ERROR,1970-01-01T10:50:40.000+03:00,Data 499
500,ERROR,1970-01-01T10:50:40.000+03:00,Data 500
501,ERROR,1970-01-01T10:50:40.000+03:00,Data 501
502,ERROR,1970-01-01T10:50:40.000+03:00,Data 502
503,ERROR,1970-01-01T10:50:40.000+03:00,Data 503
504,ERROR,1970-01-01T10:50:40.000+03:00,Data 504
505,ERROR,1970-01-01T10:50:40.000+03:00,Data 505
506,ERROR,1970-01-01T10:50:40.000+03:00,Data 506
507,ERROR,1970-01-01T10:50:40.000+03:00,Data 507
508,ERROR,1970-01-01T10:50:40.000+03:00,Data 508
509,ERROR,1970-01-01T10:50:40.000+03:00,Data 509
510,ERROR,1970-01-01T10:50:40.000+03:00,Data 510
511,ERROR,1970-01-01T10:50:40.000+03:00,Data 511
512,ERROR,1970-01-01T10:50:40.000+03:00,Data 512
513,ERROR,1970-01-01T10:50:40.000+03:00,Data 513
514,ERROR,1970-01-01T10:50:40.000+03:00,Data 514
515,ERROR,1970-01-01T10:50:40.000+03:00,Data 515
516,ERROR,1970-01-01T10:50:40.000+03:00,Data 516
517,ERROR,1970-01-01T10:50:40.000+03:00,Data 517
518,ERROR,1970-01-01T10:50:40.000+03:00,Data 518
519,ERROR,1970-01-01T10:50:40.000+03:00,Data 519
520,ERROR,1970-01-01T10:50:40.000+03:00,Data 520
521,ERROR,1970-01-01T10:50:40.000+03:00,Data 521
522,ERROR,1970-01-01T10:50:40.000+03:00,Data 522
523,ERROR,1970-01-01T10:50:40.000+03:00,Data 523
524,ERROR,1970-01-01T10:50:40.000+03:00,Data 524
525,ERROR,1970-01-01T10:50:40.000+03:00,Data 525
526,ERROR,1970-01-01T10:50:40.000+03:00,Data 526
527,ERROR,1970-01-01T10:50:40.000+03:00,Data 527
528,ERROR,1970-01-01T10:50:40.000+03:00,Data 528
529,ERROR,1970-01-01T10:50:40.000+03:00,Data 529
530,ERROR,1970-01-01T10:50:40.000+03:00,Data 530
531,ERROR,1970-01-01T10:50:40.000+03:00,Data 531
532,ERROR,1970-01-01T10:50:40.000+03:00,Data 532
533,ERROR,1970-01-01T10:50:40.000+03:00,Data 533
534,ERROR,1970-01-01T10:50:40.000+03:00,Data 534
535,ERROR,1970-01-01T10:50:40.000+03:00,Data 535
536,ERROR,1970-01-01T10:50:40.000+03:00,Data 536
537,ERROR,1970-01-01T10:50:40.000+03:00,Data 537
538,ERROR,1970-01-01T10:50:40.000+03:00,Data 538
539,ERROR,1970-01-01T10:50:40.000+03:00,Data 539
540,ERROR,1970-01-01T10:50:40.000+03:00,Data 540
541,ERROR,1970-01-01T10:50:40.000+03:00,Data 541
542,ERROR,1970-01-01T10:50:40.000+03:00,Data 542
543,ERROR,1970-01-01T10:50:40.000+03:00,Data 543
544,ERROR,1970-01-01T10:50:40.000+03:00,Data 544
545,ERROR,1970-01-01T10:50:40.000+03:00,Data 545
546,ERROR,1970-01-01T10:50:40.000+03:00,Data 546
547,ERROR,1970-01-01T10:50:40.000+03:00,Data 547
548,ERROR,1970-01-01T10:50:40.000+03:00,Data 548
549,ERROR,1970-01-01T10:50:40.000+03:00,Data 549
550,ERROR,1970-01-01T10:50:40.000+03:00,Data 550
551,ERROR,1970-01-01T10:50:40.000+03:00,Data 551
552,ERROR,1970-01-01T10:50:40.000+03:00,Data 552
553,ERROR,1970-01-01T10:50:40.000+03:00,Data 553
554,ERROR,1970-01-01T10:50:40.000+03:00,Data 554
555,ERROR,1970-01-01T10:50:40.000+03:00,Data 555
556,ERROR,1970-01-01T10:50:40.000+03:00,Data 556
557,ERROR,1970-01-01T10:50:40.000+03:00,Data 557
558,ERROR,1970-01-01T10:50:40.000+03:00,Data 558
559,ERROR,1970-01-01T10:50:40.000+03:00,Data 559
560,ERROR,1970-01-01T10:50:40.000+03:00,Data 560
561,ERROR,1970-01-01T10:50:40.000+03:00,Data 561
562,ERROR,1970-01-01T10:50:40.000+03:00,Data 562
563,ERROR,1970-01-01T10:50:40.000+03:00,Data 563
564,ERROR,1970-01-01T10:50:40.000+03:00,Data 564
565,ERROR,1970-01-01T10:50:40.000+03:00,Data 565
566,ERROR,1970-01-01T10:50:40.000+03:00,Data 566
567,ERROR,1970-01-01T10:50:40.000+03:00,Data 567
568,ERROR,1970-01-01T10:50:40.000+03:00,Data 568
569,ERROR,1970-01-01T10:50:40.000+03:00,Data 569
570,ERROR,1970-01-01T10:50:40.000+03:00,Data 570
571,ERROR,1970-01-01T10:50:40.000+03:00,Data 571
572,ERROR,1970-01-01T10:50:40.000+03:00,Data 572
573,ERROR,1970-01-01T10:50:40.000+03:00,Data 573
574,ERROR,1970-01-01T10:50:40.000+03:00,Data 574
575,ERROR,1970-01-01T10:50:40.000+03:00,Data 575
576,ERROR,1970-01-01T10:50:40.000+03:00,Data 576
577,ERROR,1970-01-01T10:50:40.000+03:00,Data 577
578,ERROR,1970-01-01T10:50:40.000+03:00,Data 578
579,ERROR,1970-01-01T10:50:40.000+03:00,Data 579
580,ERROR,1970-01-01T10:50:40.000+03:00,Data 580
581,ERROR,1970-01-01T10:50:40.000+03:00,Data 581
582,ERROR,1970-01-01T10:50:40.000+03:00,Data 582
583,ERROR,1970-01-01T10:50:40.000+03:00,Data 583
584,ERROR,1970-01-01T10:50:40.000+03:00,Data 584
585,ERROR,1970-01-01T10:50:40.000+03:00,Data 585
586,ERROR,1970-01-01T10:50:40.000+03:00,Data 586
587,ERROR,1970-01-01T10:50:40.000+03:00,Data 587
588,ERROR,1970-01-01T10:50:40.000+03:00,Data 588
589,ERROR,1970-01-01T10:50:40.000+03:00,Data 589
590,ERROR,1970-01-01T10:50:40.000+03:00,Data 590
591,ERROR,1970-01-01T10:50:40.000+03:00,Data 591
592,ERROR,1970-01-01T10:50:40.000+03:00,Data 592
593,ERROR,1970-01-01T10:50:40.000+03:00,Data 593
594,ERROR,1970-01-01T10:50:40.000+03:00,Data 594
595,ERROR,1970-01-01T10:50:40.000+03:00,Data 595
596,ERROR,1970-01-01T10:50:40.000+03:00,Data 596
597,ERROR,1970-01-01T10:50:40.000+03:00,Data 597
598,ERROR,1970-01-01T10:50:40.000+03:00,Data 598
599,ERROR,1970-01-01T10:50:40.000+03:00,Data 599
600,ERROR,1970-01-01T10:50:40.000+03:00,Data 600
601,ERROR,1970-01-01T10:50:40.000+03:00,Data 601
602,ERROR,1970-01-01T10:50:40.000+03:00,Data 602
603,ERROR,1970-01-01T10:50:40.000+03:00,Data 603
604,ERROR,1970-01-01T10:50:40.000+03:00,Data 604
605,ERROR,1970-01-01T10:50:40.000+03:00,Data 605
606,ERROR,1970-01-01T10:50:40.000+03:00,Data 606
607,ERROR,1970-01-01T10:50:40.000+03:00,Data 607
608,ERROR,1970-01-01T10:50:40.000+03:00,Data 608
609,ERROR,1970-01-01T10:50:40.000+03:00,Data 609
610,ERROR,1970-01-01T10:50:40.000+03:00,Data 610
611,ERROR,1970-01-01T10:50:40.000+03:00,Data 611
612,ERROR,1970-01-01T10:50:40.000+03:00,Data 612
613,ERROR,1970-01-01T10:50:40.000+03:00,Data 613
614,ERROR,1970-01-01T10:50:40.000+03:00,Data 614
615,ERROR,1970-01-01T10:50:40.000+03:00,Data 615
616,ERROR,1970-01-01T10:50:40.000+03:00,Data 616
617,ERROR,1970-01-01T10:50:40.000+03:00,Data 617
618,ERROR,1970-01-01T10:50:40.000+03:00,Data 618
619,ERROR,1970-01-01T10:50:40.000+03:00,Data 619
620,ERROR,1970-01-01T10:50:40.000+03:00,Data 620
621,ERROR,1970-01-01T10:50:40.000+03:00,Data 621
622,ERROR,1970-01-01T10:50:40.000+03:00,Data 622
623,ERROR,1970-01-01T10:50:40.000+03:00,Data 623
624,ERROR,1970-01-01T10:50:40.000+03:00,Data 624
625,ERROR,1970-01-01T10:50:40.000+03:00,Data 625
626,ERROR,1970-01-01T10:50:40.000+03:00,Data 626
627,ERROR,1970-01-01T10:50:40.000+03:00,Data 627
628,ERROR,1970-01-01T10:50:40.000+03:00,Data 628
629,ERROR,1970-01-01T10:50:40.000+03:00,Data 629
630,ERROR,1970-01-01T10:50:40.000+03:00,Data 630
631,ERROR,1970-01-01T10:50:40.000+03:00,Data 631
632,ERROR,1970-01-01T10:50:40.000+03:00,Data 632
633,ERROR,1970-01-01T10:50:40.000+03:00,Data 633
634,ERROR,1970-01-01T10:50:40.000+03:00,Data 634
635,ERROR,1970-01-01T10:50:40.000+03:00,Data 635
636,ERROR,1970-01-01T10:50:40.000+03:00,Data 636
637,ERROR,1970-01-01T10:50:40.000+03:00,Data 637
638,ERROR,1970-01-01T10:50:40.000+03:00,Data 638
639,ERROR,1970-01-01T10:50:40.000+03:00,Data 639
640,ERROR,1970-01-01T10:50:40.000+03:00,Data 640
641,ERROR,1970-01-01T10:50:40.000+03:00,Data 641
642,ERROR,1970-01-01T10:50:40.000+03:00,Data 642
643,ERROR,1970-01-01T10:50:40.000+03:00,Data 643
644,ERROR,1970-01-01T10:50:40.000+03:00,Data 644
645,ERROR,1970-01-01T10:50:40.000+03:00,Data 645
646,ERROR,1970-01-01T10:50:40.000+03:00,Data 646
647,ERROR,1970-01-01T10:50:40.000+03:00,Data 647
648,ERROR,1970-01-01T10:50:40.000+03:00,Data 648
649,ERROR,1970-01-01T10:50:40.000+03:00,Data 649
650,ERROR,1970-01-01T10:50:40.000+03:00,Data 650
651,ERROR,1970-01-01T10:50:40.000+03:00,Data 651
652,ERROR,1970-01-01T10:50:40.000+03:00,Data 652
653,ERROR,1970-01-01T10:50:40.000+03:00,Data 653
654,ERROR,1970-01-01T10:50:40.000+03:00,Data 654
655,ERROR,1970-01-01T10:50:40.000+03:00,Data 655
656,ERROR,1970-01-01T10:50:40.000+03:00,Data 656
657,ERROR,1970-01-01T10:50:40.000+03:00,Data 657
658,ERROR,1970-01-01T10:50:40.000+03:00,Data 658
659,ERROR,1970-01-01T10:50:40.000+03:00,Data 659
660,ERROR,1970-01-01T10:50:40.000+03:00,Data 660
661,ERROR,1970-01-01T10:50:40.000+03:00,Data 661
662,ERROR,1970-01-01T10:50:40.000+03:00,Data 662
663,ERROR,1970-01-01T10:50:40.000+03:00,Data 663
664,ERROR,1970-01-01T10:50:40.000+03:00,Data 664
665,ERROR,1970-01-01T10:50:40.000+03:00,Data 665
666,ERROR,1970-01-01T10:50:40.000+03:00,Data 666
667,ERROR,1970-01-01T10:50:40.000+03:00,Data 667
668,ERROR,1970-01-01T10:50:40.000+03:00,Data 668
669,ERROR,1970-01-01T10:50:40.000+03:00,Data 669
670,ERROR,1970-01-01T10:50:40.000+03:00,Data 670
671,ERROR,1970-01-01T10:50:40.000+03:00,Data 671
672,ERROR,1970-01-01T10:50:40.000+03:00,Data 672
673,ERROR,1970-01-01T10:50:40.000+03:00,Data 673
674,ERROR,1970-01-01T10:50:40.000+03:00,Data 674
675,ERROR,1970-01-01T10:50:40.000+03:00,Data 675
676,ERROR,1970-01-01T10:50:40.000+03:00,Data 676
677,ERROR,1970-01-01T10:50:40.000+03:00,Data 677
678,ERROR,1970-01-01T10:50:40.000+03:00,Data 678
679,ERROR,1970-01-01T10:50:40.000+03:00,Data 679
680,ERROR,1970-01-01T10:50:40.000+03:00,Data 680
681,ERROR,1970-01-01T10:50:40.000+03:00,Data 681
682,ERROR,1970-01-01T10:50:40.000+03:00,Data 682
683,ERROR,1970-01-01T10:50:40.000+03:00,Data 683
684,ERROR,1970-01-01T10:50:40.000+03:00,Data 684
685,ERROR,1970-01-01T10:50:40.000+03:00,Data 685
686,ERROR,1970-01-01T10:50:40.000+03:00,Data 686
687,ERROR,1970-01-01T10:50:40.000+03:00,Data 687
688,ERROR,1970-01-01T10:50:40.000+03:00,Data 688
689,ERROR,1970-01-01T10:50:40.000+03:00,Data 689
690,ERROR,1970-01-01T10:50:40.000+03:00,Data 690
691,ERROR,1970-01-01T10:50:40.000+03:00,Data 691
692,ERROR,1970-01-01T10:50:40.000+03:00,Data 692
693,ERROR,1970-01-01T10:50:40.000+03:00,Data 693
694,ERROR,1970-01-01T10:50:40.000+03:00,Data 694
695,ERROR,1970-01-01T10:50:40.000+03:00,Data 695
696,ERROR,1970-01-01T10:50:40.000+03:00,Data 696
697,ERROR,1970-01-01T10:50:40.000+03:00,Data 697
698,ERROR,1970-01-01T10:50:40.000+03:00,Data 698
699,ERROR,1970-01-01T10:50:40.000+03:00,Data 699
700,ERROR,1970-01-01T10:50:40.000+03:00,Data 700
701,ERROR,1970-01-01T10:50:40.000+03:00,Data 701
702,ERROR,1970-01-01T10:50:40.000+03:00,Data 702
703,ERROR,1970-01-01T10:50:40.000+03:00,Data 703
704,ERROR,1970-01-01T10:50:40.000+03:00,Data 704
705,ERROR,1970-01-01T10:50:40.000+03:00,Data 705
706,ERROR,1970-01-01T10:50:40.000+03:00,Data 706
707,ERROR,1970-01-01T10:50:40.000+03:00,Data 707
708,ERROR,1970-01-01T10:50:40.000+03:00,Data 708
709,ERROR,1970-01-01T10:50:40.000+03:00,Data 709
710,ERROR,1970-01-01T10:50:40.000+03:00,Data 710
711,ERROR,1970-01-01T10:50:40.000+03:00,Data 711
712,ERROR,1970-01-01T10:50:40.000+03:00,Data 712
713,ERROR,1970-01-01T10:50:40.000+03:00,Data 713
714,ERROR,1970-01-01T10:50:40.000+03:00,Data 714
715,ERROR,1970-01-01T10:50:40.000+03:00,Data 715
716,ERROR,1970-01-01T10:50:40.000+03:00,Data 716
717,ERROR,1970-01-01T10:50:40.000+03:00,Data 717
718,ERROR,1970-01-01T10:50:40.000+03:00,Data 718
719,ERROR,1970-01-01T10:50:40.000+03:00,Data 719
720,ERROR,1970-01-01T10:50:40.000+03:00,Data 720
721,ERROR,1970-01-01T10:50:40.000+03:00,Data 721
722,ERROR,1970-01-01T10:50:40.000+03:00,Data 722
723,ERROR,1970-01-01T10:50:40.000+03:00,Data 723
724,ERROR,1970-01-01T10:50:40.000+03:00,Data 724
725,ERROR,1970-01-01T10:50:40.000+03:00,Data 725
726,ERROR,1970-01-01T10:50:40.000+03:00,Data 726
727,ERROR,1970-01-01T10:50:40.000+03:00,Data 727
728,ERROR,1970-01-01T10:50:40.000+03:00,Data 728
729,ERROR,1970-01-01T10:50:40.000+03:00,Data 729
730,ERROR,1970-01-01T10:50:40.000+03:00,Data 730
731,ERROR,1970-01-01T10:50:40.000+03:00,Data 731
732,ERROR,1970-01-01T10:50:40.000+03:00,Data 732
733,ERROR,1970-01-01T10:50:40.000+03:00,Data 733
734,ERROR,1970-01-01T10:50:40.000+03:00,Data 734
735,ERROR,1970-01-01T10:50:40.000+03:00,Data 735
736,ERROR,1970-01-01T10:50:40.000+03:00,Data 736
737,ERROR,1970-01-01T10:50:40.000+03:00,Data 737
738,ERROR,1970-01-01T10:50:40.000+03:00,Data 738
739,ERROR,1970-01-01T10:50:40.000+03:00,Data 739
740,ERROR,1970-01-01T10:50:40.000+03:00,Data 740
741,ERROR,1970-01-01T10:50:40.000+03:00,Data 741
742,ERROR,1970-01-01T10:50:40.000+03:00,Data 742
743,ERROR,1970-01-01T10:50:40.000+03:00,Data 743
744,ERROR,1970-01-01T10:50:40.000+03:00,Data 744
745,ERROR,1970-01-01T10:50:40.000+03:00,Data 745
746,ERROR,1970-01-01T10:50:40.000+03:00,Data 746
747,ERROR,1970-01-01T10:50:40.000+03:00,Data 747
748,ERROR,1970-01-01T10:50:40.000+03:00,Data 748
749,ERROR,1970-01-01T10:50:40.000+03:00,Data 749
750,ERROR,1970-01-01T10:50:40.000+03:00,Data 750
751,ERROR,1970-01-01T10:50:40.000+03:00,Data 751
752,ERROR,1970-01-01T10:50:40.000+03:00,Data 752
753,ERROR,1970-01-01T10:50:40.000+03:00,Data 753
754,ERROR,1970-01-01T10:50:40.000+03:00,Data 754
755,ERROR,1970-01-01T10:50:40.000+03:00,Data 755
756,ERROR,1970-01-01T10:50:40.000+03:00,Data 756
757,ERROR,1970-01-01T10:50:40.000+03:00,Data 757
758,ERROR,1970-01-01T10:50:40.000+03:00,Data 758
759,ERROR,1970-01-01T10:50:40.000+03:00,Data 759
760,ERROR,1970-01-01T10:50:40.000+03:00,Data 760
761,ERROR,1970-01-01T10:50:40.000+03:00,Data 761
762,ERROR,1970-01-01T10:50:40.000+03:00,Data 762
763,ERROR,1970-01-01T10:50:40.000+03:00,Data 763
764,ERROR,1970-01-01T10:50:40.000+03:00,Data 764
765,ERROR,1970-01-01T10:50:40.000+03:00,Data 765
766,ERROR,1970-01-01T10:50:40.000+03:00,Data 766
767,ERROR,1970-01-01T10:50:40.000+03:00,Data 767
768,ERROR,1970-01-01T10:50:40.000+03:00,Data 768
769,ERROR,1970-01-01T10:50:40.000+03:00,Data 769
770,ERROR,1970-01-01T10:50:40.000+03:00,Data 770
771,ERROR,1970-01-01T10:50:40.000+03:00,Data 771
772,ERROR,1970-01-01T10:50:40.000+03:00,Data 772
773,ERROR,1970-01-01T10:50:40.000+03:00,Data 773
774,ERROR,1970-01-01T10:50:40.000+03:00,Data 774
775,ERROR,1970-01-01T10:50:40.000+03:00,Data 775
776,ERROR,1970-01-01T10:50:40.000+03:00,Data 776
777,ERROR,1970-01-01T10:50:40.000+03:00,Data 777
778,ERROR,1970-01-01T10:50:40.000+03:00,Data 778
779,ERROR,1970-01-01T10:50:40.000+03:00,Data 779
780,ERROR,1970-01-01T10:50:40.000+03:00,Data 780
781,ERROR,1970-01-01T10:50:40.000+03:00,Data 781
782,ERROR,1970-01-01T10:50:40.000+03:00,Data 782
783,ERROR,1970-01-01T10:50:40.000+03:00,Data 783
784,ERROR,1970-01-01T10:50:40.000+03:00,Data 784
785,ERROR,1970-01-01T10:50:40.000+03:00,Data 785
786,ERROR,1970-01-01T10:50:40.000+03:00,Data 786
787,ERROR,1970-01-01T10:50:40.000+03:00,Data 787
788,ERROR,1970-01-01T10:50:40.000+03:00,Data 788
789,ERROR,1970-01-01T10:50:40.000+03:00,Data 789
790,ERROR,1970-01-01T10:50:40.000+03:00,Data 790
791,ERROR,1970-01-01T10:50:40.000+03:00,Data 791
792,ERROR,1970-01-01T10:50:40.000+03:00,Data 792
793,ERROR,1970-01-01T10:50:40.000+03:00,Data 793
794,ERROR,1970-01-01T10:50:40.000+03:00,Data 794
795,ERROR,1970-01-01T10:50:40.000+03:00,Data 795
796,ERROR,1970-01-01T10:50:40.000+03:00,Data 796
797,ERROR,1970-01-01T10:50:40.000+03:00,Data 797
798,ERROR,1970-01-01T10:50:40.000+03:00,Data 798
799,ERROR,1970-01-01T10:50:40.000+03:00,Data 799
800,ERROR,1970-01-01T10:50:40.000+03:00,Data 800
801,ERROR,1970-01-01T10:50:40.000+03:00,Data 801
802,ERROR,1970-01-01T10:50:40.000+03:00,Data 802
803,ERROR,1970-01-01T10:50:40.000+03:00,Data 803
804,ERROR,1970-01-01T10:50:40.000+03:00,Data 804
805,ERROR,1970-01-01T10:50:40.000+03:00,Data 805
806,ERROR,1970-01-01T10:50:40.000+03:00,Data 806
807,ERROR,1970-01-01T10:50:40.000+03:00,Data 807
808,ERROR,1970-01-01T10:50:40.000+03:00,Data 808
809,ERROR,1970-01-01T10:50:40.000+03:00,Data 809
810,ERROR,1970-01-01T10:50:40.000+03:00,Data 810
811,ERROR,1970-01-01T10:50:40.000+03:00,Data 811
812,ERROR,1970-01-01T10:50:40.000+03:00,Data 812
813,ERROR,1970-01-01T10:50:40.000+03:00,Data 813
814,ERROR,1970-01-01T10:50:40.000+03:00,Data 814
815,ERROR,1970-01-01T10:50:40.000+03:00,Data 815
816,ERROR,1970-01-01T10:50:40.000+03:00,Data 816
817,ERROR,1970-01-01T10:50:40.000+03:00,Data 817
818,ERROR,1970-01-01T10:50:40.000+03:00,Data 818
819,ERROR,1970-01-01T10:50:40.000+03:00,Data 819
820,ERROR,1970-01-01T10:50:40.000+03:00,Data 820
821,ERROR,1970-01-01T10:50:40.000+03:00,Data 821
822,ERROR,1970-01-01T10:50:40.000+03:00,Data 822
823,ERROR,1970-01-01T10:50:40.000+03:00,Data 823
824,ERROR,1970-01-01T10:50:40.000+03:00,Data 824
825,ERROR,1970-01-01T10:50:40.000+03:00,Data 825
826,ERROR,1970-01-01T10:50:40.000+03:00,Data 826
827,ERROR,1970-01-01T10:50:40.000+03:00,Data 827
828,ERROR,1970-01-01T10:50:40.000+03:00,Data 828
829,ERROR,1970-01-01T10:50:40.000+03:00,Data 829
830,ERROR,1970-01-01T10:50:40.000+03:00,Data 830
831,ERROR,1970-01-01T10:50:40.000+03:00,Data 831
832,ERROR,1970-01-01T10:50:40.000+03:00,Data 832
833,ERROR,1970-01-01T10:50:40.000+03:00,Data 833
834,ERROR,1970-01-01T10:50:40.000+03:00,Data 834
835,ERROR,1970-01-01T10:50:40.000+03:00,Data 835
836,ERROR,1970-01-01T10:50:40.000+03:00,Data 836
837,ERROR,1970-01-01T10:50:40.000+03:00,Data 837
838,ERROR,1970-01-01T10:50:40.000+03:00,Data 838
839,ERROR,1970-01-01T10:50:40.000+03:00,Data 839
840,ERROR,1970-01-01T10:50:40.000+03:00,Data 840
841,ERROR,1970-01-01T10:50:40.000+03:00,Data 841
842,ERROR,1970-01-01T10:50:40.000+03:00,Data 842
843,ERROR,1970-01-01T10:50:40.000+03:00,Data 843
844,ERROR,1970-01-01T10:50:40.000+03:00,Data 844
845,ERROR,1970-01-01T10:50:40.000+03:00,Data 845
846,ERROR,1970-01-01T10:50:40.000+03:00,Data 846
847,ERROR,1970-01-01T10:50:40.000+03:00,Data 847
848,ERROR,1970-01-01T10:50:40.000+03:00,Data 848
849,ERROR,1970-01-01T10:50:40.000+03:00,Data 849
850,ERROR,1970-01-01T10:50:40.000+03:00,Data 850
851,ERROR,1970-01-01T10:50:40.000+03:00,Data 851
852,ERROR,1970-01-01T10:50:40.000+03:00,Data 852
853,ERROR,1970-01-01T10:50:40.000+03:00,Data 853
854,ERROR,1970-01-01T10:50:40.000+03:00,Data 854
855,ERROR,1970-01-01T10:50:40.000+03:00,Data 855
856,ERROR,1970-01-01T10:50:40.000+03:00,Data 856
857,ERROR,1970-01-01T10:50:40.000+03:00,Data 857
858,ERROR,1970-01-01T10:50:40.000+03:00,Data 858
859,ERROR,1970-01-01T10:50:40.000+03:00,Data 859
860,ERROR,1970-01-01T10:50:40.000+03:00,Data 860
861,ERROR,1970-01-01T10:50:40.000+03:00,Data 861
862,ERROR,1970-01-01T10:50:40.000+03:00,Data 862
863,ERROR,1970-01-01T10:50:40.000+03:00,Data 863
864,ERROR,1970-01-01T10:50:40.000+03:00,Data 864
865,ERROR,1970-01-01T10:50:40.000+03:00,Data 865
866,ERROR,1970-01-01T10:50:40.000+03:00,Data 866
867,ERROR,1970-01-01T10:50:40.000+03:00,Data 867
868,ERROR,1970-01-01T10:50:40.000+03:00,Data 868
869,ERROR,1970-01-01T10:50:40.000+03:00,Data 869
870,ERROR,1970-01-01T10:50:40.000+03:00,Data 870
871,ERROR,1970-01-01T10:50:40.000+03:00,Data 871
872,ERROR,1970-01-01T10:50:40.000+03:00,Data 872
873,ERROR,1970-01-01T10:50:40.000+03:00,Data 873
874,ERROR,1970-01-01T10:50:40.000+03:00,Data 874
875,ERROR,1970-01-01T10:50:40.000+03:00,Data 875
876,ERROR,1970-01-01T10:50:40.000+03:00,Data 876
877,ERROR,1970-01-01T10:50:40.000+03:00,Data 877
878,ERROR,1970-01-01T10:50:40.000+03:00,Data 878
879,ERROR,1970-01-01T10:50:40.000+03:00,Data 879
880,ERROR,1970-01-01T10:50:40.000+03:00,Data 880
881,ERROR,1970-01-01T10:50:40.000+03:00,Data 881
882,ERROR,1970-01-01T10:50:40.000+03:00,Data 882
883,ERROR,1970-01-01T10:50:40.000+03:00,Data 883
884,ERROR,1970-01-01T10:50:40.000+03:00,Data 884
885,ERROR,1970-01-01T10:50:40.000+03:00,Data 885
886,ERROR,1970-01-01T10:50:40.000+03:00,Data 886
887,ERROR,1970-01-01T10:50:40.000+03:00,Data 887
888,ERROR,1970-01-01T10:50:40.000+03:00,Data 888
889,ERROR,1970-01-01T10:50:40.000+03:00,Data 889
890,ERROR,1970-01-01T10:50:40.000+03:00,Data 890
891,ERROR,1970-01-01T10:50:40.000+03:00,Data 891
892,ERROR,1970-01-01T10:50:40.000+03:00,Data 892
893,ERROR,1970-01-01T10:50:40.000+03:00,Data 893
894,ERROR,1970-01-01T10:50:40.000+03:00,Data 894
895,ERROR,1970-01-01T10:50:40.000+03:00,Data 895
896,ERROR,1970-01-01T10:50:40.000+03:00,Data 896
897,ERROR,1970-01-01T10:50:40.000+03:00,Data 897
898,ERROR,1970-01-01T10:50:40.000+03:00,Data 898
899,ERROR,1970-01-01T10:50:40.000+03:00,Data 899
900,ERROR,1970-01-01T10:50:40.000+03:00,Data 900
901,ERROR,1970-01-01T10:50:40.000+03:00,Data 901
902,ERROR,1970-01-01T10:50:40.000+03:00,Data 902
903,ERROR,1970-01-01T10:50:40.000+03:00,Data 903
904,ERROR,1970-01-01T10:50:40.000+03:00,Data 904
905,ERROR,1970-01-01T10:50:40.000+03:00,Data 905
906,ERROR,1970-01-01T10:50:40.000+03:00,Data 906
907,ERROR,1970-01-01T10:50:40.000+03:00,Data 907
908,ERROR,1970-01-01T10:50:40.000+03:00,Data 908
909,ERROR,1970-01-01T10:50:40.000+03:00,Data 909
910,ERROR,1970-01-01T10:50:40.000+03:00,Data 910
911,ERROR,1970-01-01T10:50:40.000+03:00,Data 911
912,ERROR,1970-01-01T10:50:40.000+03:00,Data 912
913,ERROR,1970-01-01T10:50:40.000+03:00,Data 913
914,ERROR,1970-01-01T10:50:40.000+03:00,Data 914
915,ERROR,1970-01-01T10:50:40.000+03:00,Data 915
916,ERROR,1970-01-01T10:50:40.000+03:00,Data 916
917,ERROR,1970-01-01T10:50:40.000+03:00,Data 917
918,ERROR,1970-01-01T10:50:40.000+03:00,Data 918
919,ERROR,1970-01-01T10:50:40.000+03:00,Data 919
920,ERROR,1970-01-01T10:50:40.000+03:00,Data 920
921,ERROR,1970-01-01T10:50:40.000+03:00,Data 921
922,ERROR,1970-01-01T10:50:40.000+03:00,Data 922
923,ERROR,1970-01-01T10:50:40.000+03:00,Data 923
924,ERROR,1970-01-01T10:50:40.000+03:00,Data 924
925,ERROR,1970-01-01T10:50:40.000+03:00,Data 925
926,ERROR,1970-01-01T10:50:40.000+03:00,Data 926
927,ERROR,1970-01-01T10:50:40.000+03:00,Data 927
928,ERROR,1970-01-01T10:50:40.000+03:00,Data 928
929,ERROR,1970-01-01T10:50:40.000+03:00,Data 929
930,ERROR,1970-01-01T10:50:40.000+03:00,Data 930
931,ERROR,1970-01-01T10:50:40.000+03:00,Data 931
932,ERROR,1970-01-01T10:50:40.000+03:00,Data 932
933,ERROR,1970-01-01T10:50:40.000+03:00,Data 933
934,ERROR,1970-01-01T10:50:40.000+03:00,Data 934
935,ERROR,1970-01-01T10:50:40.000+03:00,Data 935
936,ERROR,1970-01-01T10:50:40.000+03:00,Data 936
937,ERROR,1970-01-01T10:50:40.000+03:00,Data 937
938,ERROR,1970-01-01T10:50:40.000+03:00,Data 938
939,ERROR,1970-01-01T10:50:40.000+03:00,Data 939
940,ERROR,1970-01-01T10:50:40.000+03:00,Data 940
941,ERROR,1970-01-01T10:50:40.000+03:00,Data 941
942,ERROR,1970-01-01T10:50:40.000+03:00,Data 942
943,ERROR,1970-01-01T10:50:40.000+03:00,Data 943
944,ERROR,1970-01-01T10:50:40.000+03:00,Data 944
945,ERROR,1970-01-01T10:50:40.000+03:00,Data 945
946,ERROR,1970-01-01T10:50:40.000+03:00,Data 946
947,ERROR,1970-01-01T10:50:40.000+03:00,Data 947
948,ERROR,1970-01-01T10:50:40.000+03:00,Data 948
949,ERROR,1970-01-01T10:50:40.000+03:00,Data 949
950,ERROR,1970-01-01T10:50:40.000+03:00,Data 950
951,ERROR,1970-01-01T10:50:40.000+03:00,Data 951
952,ERROR,1970-01-01T10:50:40.000+03:00,Data 952
953,ERROR,1970-01-01T10:50:40.000+03:00,Data 953
954,ERROR,1970-01-01T10:50:40.000+03:00,Data 954
955,ERROR,1970-01-01T10:50:40.000+03:00,Data 955
956,ERROR,1970-01-01T10:50:40.000+03:00,Data 956
957,ERROR,1970-01-01T10:50:40.000+03:00,Data 957
958,ERROR,1970-01-01T10:50:40.000+03:00,Data 958
959,ERROR,1970-01-01T10:50:40.000+03:00,Data 959
960,ERROR,1970-01-01T10:50:40.000+03:00,Data 960
961,ERROR,1970-01-01T10:50:40.000+03:00,Data 961
962,ERROR,1970-01-01T10:50:40.000+03:00,Data 962
963,ERROR,1970-01-01T10:50:40.000+03:00,Data 963
964,ERROR,1970-01-01T10:50:40.000+03:00,Data 964
965,ERROR,1970-01-01T10:50:40.000+03:00,Data 965
966,ERROR,1970-01-01T10:50:40.000+03:00,Data 966
967,ERROR,1970-01-01T10:50:40.000+03:00,Data 967
968,ERROR,1970-01-01T10:50:40.000+03:00,Data 968
969,ERROR,1970-01-01T10:50:40.000+03:00,Data 969
970,ERROR,1970-01-01T10:50:40.000+03:00,Data 970
971,ERROR,1970-01-01T10:50:40.000+03:00,Data 971
972,ERROR,1970-01-01T10:50:40.000+03:00,Data 972
973,ERROR,1970-01-01T10:50:40.000+03:00,Data 973
974,ERROR,1970-01-01T10:50:40.000+03:00,Data 974
975,ERROR,1970-01-01T10:50:40.000+03:00,Data 975
976,ERROR,1970-01-01T10:50:40.000+03:00,Data 976
977,ERROR,1970-01-01T10:50:40.000+03:00,Data 977
978,ERROR,1970-01-01T10:50:40.000+03:00,Data 978
979,ERROR,1970-01-01T10:50:40.000+03:00,Data 979
980,ERROR,1970-01-01T10:50:40.000+03:00,Data 980
981,ERROR,1970-01-01T10:50:40.000+03:00,Data 981
982,ERROR,1970-01-01T10:50:40.000+03:00,Data 982
983,ERROR,1970-01-01T10:50:40.000+03:00,Data 983
984,ERROR,1970-01-01T10:50:40.000+03:00,Data 984
985,ERROR,1970-01-01T10:50:40.000+03:00,Data 985
986,ERROR,1970-01-01T10:50:40.000+03:00,Data 986
987,ERROR,1970-01-01T10:50:40.000+03:00,Data 987
988,ERROR,1970-01-01T10:50:40.000+03:00,Data 988
989,ERROR,1970-01-01T10:50:40.000+03:00,Data 989
990,ERROR,1970-01-01T10:50:40.000+03:00,Data 990
991,ERROR,1970-01-01T10:50:40.000+03:00,Data 991
992,ERROR,1970-01-01T10:50:40.000+03:00,Data 992
993,ERROR,1970-01-01T10:50:40.000+03:00,Data 993
994,ERROR,1970-01-01T10:50:40.000+03:00,Data 994
995,ERROR,1970-01-01T10:50:40.000+03:00,Data 995
996,ERROR,1970-01-01T10:50:40.000+03:00,Data 996
997,ERROR,1970-01-01T10:50:40.000+03:00,Data 997
998,ERROR,1970-01-01T10:50:40.000+03:00,Data 998
999,ERROR,1970-01-01T10:50:40.000+03:00,Data 999
1000,ERROR,1970-01-01T10:50:40.000+03:00,Data 1000
